question_id,factuality,completeness,relevance,explanation
0,4,4,4,"Diagnostic radiology is concerned with imaging of the body , e.g. by x-rays , x-ray computed tomography , ultrasonography , and nuclear magnetic resonance tomography ."
1,4,5,4,Robert Tally is a geocritical evaluator.
2,1,1,4,Atomic hydrogen is the most abundant molecule in the universe .
3,4,3,4,Polymer teflon is a type of glass.
4,,1,4,"Communitas is a Latin noun commonly referring either to an unstructured community in which people are equal , or to the very spirit of community . It also has special significance as a loanword in cultural anthropology and the social sciences . Victor Turner , who defined the anthropological usage of communitas , was interested in the interplay between what he called social 'structure ' and 'antistructure ' ; Liminality and Communitas are both components of antistructure ."
5,1,1,4,"Miami is a city in Florida , United States ."
6,1,1,4,The Cohn Institute for the History and Philosophy of Science and Ideas is a research and graduate teaching institute within the framework of the School of History of Tel Aviv University .
7,1,1,4,The Uruz Project is a project of Heinz and Lutz Heck attempting to breed the aurochs.
8,5,5,4,"The first novel in the Yorùbá language was Ogboju Ode ninu Igbo Irunmale ( The Forest of A Thousand Demons ) , written in 1938 by Chief Daniel O. Fagunwa ( 1903–1963 ) ."
9,1,,1,"Bioengineering , biotechnology , electrical engineering , physics , mechanical engineering , chemistry , physics , chemistry , physics , physics , chemistry , physics , chemistry , physics , chemistry , physics , physics , chemistry , physics , chemistry , physics , physics , chemistry , physics , physics , physics , physics , physics , physics , physics , physics , physics , physics , physics , physics , physics , physics , physics , physics , physics , physics , physics , physics , physics , physics , physics , physics , physics , physics , physics , physics , physics , physics , physics , physics , physics , physics , physics , physics , physics , physics , physics , physics , physics"
10,4,1,4,A weakened Si-Si bond can be interpreted as a weakened Si-Si bond due to the removal of an electron .
11,4,5,4,"Small Island Developing States at a Crossroads : Towards Equitable Energy Access in Least-Electrified Countries , '' these states , which contribute less than 1 % to global greenhouse gas emissions , are exploring decentralized renewable energy solutions to address their energy access issues ."
12,1,1,1,Montesquieu argued that the mobility of commerce meant that rulers had to negotiate with merchants.
13,1,1,1,"The Schreiber Plan is a concept that has been criticized for its involuntary nature , as individuals are automatically part of the contract by being born . Because child-rearing costs are private while pension benefits are socialized based on employment , parents may suffer from transfer exploitation . Because child-rearing costs are private while pension benefits are socialized based on employment , parents may suffer from transfer exploitation . Because child-rearing costs are private while pension benefits are socialized based on employment , parents may suffer from transfer exploitation . Because child-rearing costs are private while pension benefits are socialized based on employment , parents may suffer from transfer exploitation . Because child-rearing costs are private while pension benefits are socialized based on employment , parents may suffer from transfer exploitation . Because child-rearing costs are private while pension benefits are socialized based on employment , parents may suffer from transfer exploitation . Because child-rearing costs are private while pension benefits are socialized based on employment , parents may suffer from transfer exploitation . Because child-rearing costs are private while pension benefits are socialized based"
14,4,1,4,Sound culture refers to the production and consumption of sound .
15,1,3,4,"Storm waves and icebergs can cause vessels or drill rigs to sink , and can cause an explosion or fire at the surface . A sudden , large release may temporarily reduce water density sufficiently to cause vessels or drill rigs to sink , and can cause an explosion or fire at the surface . In heavy rainfall appreciable quantities of water may enter unprotected openings , and must be removed before it has adverse effects on stability due to free-surface . Rain , fog and snow may prevent helicopter operations , which generally require good visibility for landing . Snow may form directly on cold surfaces and can accumulate rapidly , adding topside weight and increasing wind drag . Icing and frozen spray may occur in the same regions and in similar conditions . Lightning is generally not a major problem to steel and concrete structure with adequate lightning protection , but is a hazard to personnel working in high exposed areas ."
16,4,3,4,Kazakhstan 's GDI per capita in purchasing power parity is five times greater than Kyrgyzstan 's GDI per capita in purchasing power parity .
17,3,5,4,Literature and the Environment or ecocriticism is the study of literature and the environment or literature and the environment or literature and the environment or literature and the environment or literature and the environment or literature and the environment or literature and the environment or literature and the environment or literature and the environment or literature and the environment or literature and the environment or literature and the environment or literature and the environment or literature and the environment or literature and the environment or literature and the environment or literature and the environment or literature and the environment or literature and the environment or literature and the environment or literature and the environment or literature and the environment or literature and the environment or literature and the environment or literature and the environment or literature and the environment or literature and the environment or literature and the environment or literature and the environment or literature and the environment or literature and the environment or literature and the environment or literature and the environment or literature and the environment or literature and the environment or literature and the environment or literature and the environment or literature and the environment or literature and the environment or literature and the environment or literature and the environment or literature and the environment or literature and the environment or literature and the environment or literature and the environment or literature and the environment or literature and the environment or literature and the environment or literature and the
18,4,4,4,Digital sociology focuses on the effects of digital technologies on society .
19,1,1,4,Sexual aggression by females is a form of sexual aggression .
20,4,4,4,"The nucleus is made up of positively charged protons and uncharged neutrons (together called nucleons ) , while the electron cloud consists of negatively charged electrons which orbit the nucleus ."
21,1,3,4,"Engineering is a broad discipline that is often broken down into several sub-disciplines . Historically , naval engineering and mining engineering were major branches . Other engineering fields are manufacturing engineering , acoustical engineering , corrosion engineering , instrumentation and control , automotive , information engineering , petroleum , systems , audio , software , architectural , biosystems , and textile engineering ."
22,3,5,4,Literature and the Environment or ecocriticism is the study of literature and the environment or literature and the environment or literature and the environment or literature and the environment or literature and the environment or literature and the environment or literature and the environment or literature and the environment or literature and the environment or literature and the environment or literature and the environment or literature and the environment or literature and the environment or literature and the environment or literature and the environment or literature and the environment or literature and the environment or literature and the environment or literature and the environment or literature and the environment or literature and the environment or literature and the environment or literature and the environment or literature and the environment or literature and the environment or literature and the environment or literature and the environment or literature and the environment or literature and the environment or literature and the environment or literature and the environment or literature and the environment or literature and the environment or literature and the environment or literature and the environment or literature and the environment or literature and the environment or literature and the environment or literature and the environment or literature and the environment or literature and the environment or literature and the environment or literature and the environment or literature and the environment or literature and the environment or literature and the environment or literature and the environment or literature and the environment or literature and the
23,4,5,4,Oka-leczenie is an expert in social theory.
24,1,,1,The DESTINY+ Dust Analyzer is an asteroid that will fly on the asteroid belt.
25,4,4,4,"The nucleus of an atom is made up of positively charged protons and uncharged neutrons (together called nucleons ) , while the electron cloud consists of negatively charged electrons which orbit the nucleus . The nucleus is dense ; the mass of a nucleon is approximately 1,836 times that of an electron , yet the radius of an atom is about 10,000 times that of its nucleus . The constituent particles of an atom are the electron , the proton , and the neutron . The electron is the least massive of these particles by four orders of atomic number."
26,4,3,4,Intersex people have a higher risk of depression and PTSD compared to the general population .
27,4,4,4,"Environment The sociology of education is the study of how educational institutions determine social structures , experiences , and other outcomes to the extent to which these trends are intimately related to changing patterns of inequality in modern societies and to the changing experiences of individuals and families the ways in which workers challenge , resist and make their own contributions to the patterning of work and shaping of work institutions ."
28,4,3,4,Enciclopedia di astronomia e cosmologia is a book that describes the study of astronomy and cosmology.
29,5,5,4,Oregon State University offers a Masters and Ph.D. in History and Philosophy of Science and Technology .
30,3,3,3,"Seeds recovered during excavations of Herod the Great 's palace in the 1960s were given to Sarah Sallon of Bar-Ilan University , who had proposed germinating ancient seeds . Solowey then challenged her colleague , Elaine Solowey of the Center for Sustainable Agriculture at the Arava Institute for Environmental Studies , to attempt the germination of the seeds . Solowey successfully revived several seeds using simple hydration with a household baby bottle warmer , along with standard fertiliser and growth hormones . The first plant to grow was named Methuselah , after Lamech 's father , the oldest man mentioned in the Bible . By 2015 , Methuselah was producing viable pollen , which was successfully used to pollinate female date palms ."
31,1,1,4,Cultural pluralism is a term used to describe a wide variety of cultural groups .
32,1,5,1,Morph is the gimmick of the Readius.
33,1,1,1,Virgil 's Georgics is a collection of essays by Virgil 's Georgics.
34,4,4,4,Dust particles released from a comet ( with eccentricity e c ) . Dust particles released from a comet ( with eccentricity e c ) . Dust particles released from a comet ( with eccentricity e c ) . Dust particles released from a comet ( with eccentricity e c ) . Dust particles released from a comet ( with eccentricity e c ) . Dust particles released from a comet ( with eccentricity e c ) . Dust particles released from a comet ( with eccentricity e c ) . Dust particles released from a comet ( with eccentricity e c ) . Dust particles released from a comet ( with eccentricity e c ) . Dust particles released from a comet ( with eccentricity e c ) . Dust particles released from a comet ( with eccentricity e c ) . Dust particles released from a comet ( with eccentricity e c ) . Dust particles released from a comet ( with eccentricity e c
35,3,3,4,Oxygen is not a common impurity in steel .
36,4,5,4,Nimrud is located in the Indian state of Maharashtra.
37,4,5,4,"Comparative politics is the systematic study and comparison of the diverse political systems in the world . Some examples of comparative politics are studying the differences between presidential and parliamentary systems , democracies and dictatorships , parliamentary systems in different countries , multi-party systems such as Canada and two-party systems such as the United States . The name comparative politics refers to the discipline 's historical association with the comparative method , described in detail below . Arend Lijphart argues that comparative politics does not have a substantive focus in itself , but rather a methodological one : it focuses on the how but does not specify the what of the analysis . Peter Mair and Richard Rose advance a slightly different definition , arguing that comparative politics is defined by a combination of a substantive focus on the study of countries ' political systems and a method of identifying and explaining similarities and differences between these countries using common concepts ."
38,1,1,4,Human stem cells are a type of stem cell derived from the umbilical cord . Human stem cells are a type of human embryonic stem cell derived from the umbilical cord . Human stem cells are a type of human embryonic stem cell derived from the umbilical cord . Human stem cells are a type of human embryonic stem cell derived from the umbilical cord . Human stem cells are a type of human embryonic stem cell derived from the umbilical cord . Human stem cells are a type of human embryonic stem cell derived from the umbilical cord . Human stem cells are a type of human embryonic stem cell derived from the umbilical cord . Human stem cells are a type of human embryonic stem cell derived from the umbilical cord . Human stem cells are a type of human embryonic stem cell derived from the umbilical cord . Human stem cells are a type of human embryonic stem cell derived from the umbilical cord . Human stem cells are a type of human embryonic stem cell derived from the umbilical cord . Human stem cells are a
39,5,5,4,The Manchester Martyrs were three Irishmen executed by counter-revolutionary forces after the end of the American Civil War.
40,3,3,4,"Robocop ( 1982 ) is set in a dystopian future in which manufactured beings called replicants are slaves used on space colonies and are legal prey on Earth to various bounty hunters who retire '' ( kill ) them . The film 's tone has since been the staple of many cyberpunk movies , such as The Matrix trilogy ( 1999–2003 ) , which uses a wide variety of cyberpunk elements . The TV series Max Headroom ( 1987 ) is an iconic cyberpunk work , taking place in a futuristic dystopia ruled by an oligarchy of television networks ."
41,1,1,4,"Bittern ( pl . bitterns ) , or nigari , is the salt solution formed when halite ( table salt ) precipitates from seawater or brines . It is used as a natural source of Mg2+ , and it can be used as a coagulant both in the production of tofu and in the treatment of industrial wastewater . The wastewater pH is basic , which is favorable for the use of bittern . After the addition of bittern , precipitated magnesium hydroxide works as the coagulant to collect dye , solids , organic matter , and"
42,4,1,4,Harvard College Observatory would undertake its last multidecade analogue photographic survey of the night sky .
43,3,5,4,Literature and the Environment or ecocriticism is the study of literature and the environment or literature and the environment or literature and the environment or literature and the environment or literature and the environment or literature and the environment or literature and the environment or literature and the environment or literature and the environment or literature and the environment or literature and the environment or literature and the environment or literature and the environment or literature and the environment or literature and the environment or literature and the environment or literature and the environment or literature and the environment or literature and the environment or literature and the environment or literature and the environment or literature and the environment or literature and the environment or literature and the environment or literature and the environment or literature and the environment or literature and the environment or literature and the environment or literature and the environment or literature and the environment or literature and the environment or literature and the environment or literature and the environment or literature and the environment or literature and the environment or literature and the environment or literature and the environment or literature and the environment or literature and the environment or literature and the environment or literature and the environment or literature and the environment or literature and the environment or literature and the environment or literature and the environment or literature and the environment or literature and the environment or literature and the environment or literature and the
44,4,3,4,The Royal School of Applied Engineering and Architecture of the University of Palermo in Palermo was founded in 1866 . The Royal School of Applied Engineering and Architecture of the University of Palermo was founded in 1866 . The Royal School of Applied Engineering and Architecture of the University of Palermo was founded in 1866 . The Royal School of Applied Engineering and Architecture of the University of Palermo was founded in 1866 . The Royal School of Applied Engineering and Architecture of the University of Palermo was founded in 1866 . The Royal School of Applied Engineering and Architecture of the University of Palermo was founded in 1866 . The Royal School of Applied Engineering and Architecture of the University of Palermo was founded in 1866 . The Royal School of Applied Engineering and Architecture of the University of Palermo was founded in 1866 . The Royal School of Applied Engineering and Architecture of the University of Palermo was founded in 1866 . The Royal School of Applied Engineering and Architecture of the University of Palermo was founded in 1866 . The Royal School of Applied Engineering and Architecture of the
45,4,4,4,"Art valuation involves comparing data from multiple sources such as art auction houses , private and corporate collectors , curators , art dealer activities , gallerists ( gallery owners ) , experienced consultants , and specialized market analysts to arrive at a value . As with other markets , the art market uses its own industry-specific terms of art or vocabulary , for example bought-in '' , describing the disadvantageous situation occurring when a work or lot at auction is returned to its owner having been passed over , withdrawn or otherwise unsold . As with other markets , the art market uses its own industry-specific terms of art or vocabulary , for example bought-in '' , describing the disadvantageous situation occurring when a work or lot at auction is returned to its owner having been passed over , withdrawn or otherwise unsold . As with other markets , the art market uses its own industry-specific terms of art or vocabulary , for example bought-in '' , describing the disadvantageous situation occurring when a work or lot at auction is returned to its owner having been passed over , withdrawn or otherwise unsold"
46,1,3,4,A child 's sexual development is not a factor in the well-being and development of a child .
47,4,4,4,"Literature is the activity of conveying information in a textual medium through the use of a set of signs or symbols ( known as a writing system ) . Literature can be described as all of the following : Communication – activity of conveying information in a textual medium through the use of a set of signs or symbols ( known as a writing system ) . Communication requires a sender , a message , and an intended recipient , although the receiver need not be present or aware of the sender 's intent to communicate at the time of communication ; thus communication can occur across vast distances in time and space . Written communication ( writing ) – representation of language in a textual medium through the use of a set of signs or symbols ( known as a writing system ) . Subdivision of culture – shared attitudes , values , goals , and practices that characterize an institution , organization , or group ."
48,5,5,4,Neuromancer is a 1984 novel by William Gibson .
49,1,1,1,"In India , caste classification is a system of classification based on race , ethnicity , religion , and social class ."
50,4,4,4,"GMSL is an asymmetric , full duplex SerDes technology - which means that it transports data at a high rate in the downlink ( or forward ) direction , while GMSL is an asymmetric , full duplex SerDes technology - which means that it transports data at a high rate in the downlink ( or forward ) direction , while GMSL is an asymmetric , full duplex SerDes technology - which means that it transports data at a high rate in the downlink ( or forward ) direction , while GMSL is an asymmetric , full duplex SerDes technology - which means that it transports data at a high rate in the downlink ( or forward ) direction , while GMSL is an asymmetric , full duplex SerDes technology - which means that it transports data at a high rate in the downlink ( or forward ) direction , while GMSL is an asymmetric , full duplex SerDes technology - which means that it transports data at a high rate in the downlink ("
51,4,4,4,"Framing is the social construction of political or social issues in ways that emphasize certain aspects over others , often creating a positive or negative representation of events, individuals, or policies . This makes their stance appear more favorable and their policies seem like the logical or necessary course of action . Framing further looks at the impact of slanting in political campaigning and its potential impact on the distribution of political power where political bias is present . Search engines influence democracy because of the potential distrust of media , leading to increasing online searches for political information and understanding . Through the use of a bias quantification framework , bias can be measured within political bias by rank within the search system . By setting the political agenda , this strategic focus can influence undecided voters in addition to mobilizing committed voters . Because partisan priorities are given priority over thorough discussion , political discourse becomes distorted ."
52,1,,1,Modern Standard Arabic is a language of the Middle East and North Africa.
53,5,5,4,"The term place in geography refers to the physical phenomena that occur in space , including the lithosphere , atmosphere , and hydrosphere . The term place in geography refers to the physical phenomena that occur in space , including the lithosphere , atmosphere , and hydrosphere . The term place in geography refers to the physical phenomena that occur in space , including the lithosphere , atmosphere , and hydrosphere . The term place in geography refers to the physical phenomena that occur in space , including the lithosphere , atmosphere , and hydrosphere . The term place in geography refers to the physical phenomena that occur in space , including the lithosphere , atmosphere , and hydrosphere . The term place in geography refers to the physical phenomena that occur in space , including the lithosphere , atmosphere , and hydrosphere . The term place in geography refers to the physical phenomena that occur in space , including the lithosphere , atmosphere , and hydrosphere . The term place in geography refers to the physical phenomena that occur in space , including the lithosphere ,"
54,1,1,1,"Jainism is a theory of the origin of the stellar mass spectrum , i.e. why astronomers observe the same distribution of stellar masses—the initial mass function—regardless of initial conditions ."
55,1,1,1,It is impossible to map the curved surface of Earth onto a flat map surface without deformation .
56,3,5,4,Literature and the Environment or ecocriticism is the study of literature and the environment or literature and the environment or literature and the environment or literature and the environment or literature and the environment or literature and the environment or literature and the environment or literature and the environment or literature and the environment or literature and the environment or literature and the environment or literature and the environment or literature and the environment or literature and the environment or literature and the environment or literature and the environment or literature and the environment or literature and the environment or literature and the environment or literature and the environment or literature and the environment or literature and the environment or literature and the environment or literature and the environment or literature and the environment or literature and the environment or literature and the environment or literature and the environment or literature and the environment or literature and the environment or literature and the environment or literature and the environment or literature and the environment or literature and the environment or literature and the environment or literature and the environment or literature and the environment or literature and the environment or literature and the environment or literature and the environment or literature and the environment or literature and the environment or literature and the environment or literature and the environment or literature and the environment or literature and the environment or literature and the environment or literature and the environment or literature and the
57,1,1,1,"The Assyrians were notable in their use of metallurgy and incorporation of iron weapons . The Assyrians were notable in their use of metallurgy and incorporation of iron weapons . Many of their advancements were in military equipment , but did make advancements on the wheel and the chariot ."
58,1,,1,"Art is a human activity consisting in this , that one man consciously , by means of certain external signs , hands on to others feelings he has lived through , and that other people are in art , that one man consciously , by means of certain external signs , hands on to others feelings he has lived through , and that other people are in art , that one man consciously , by means of certain external signs , hands on to others feelings he has lived through , and that other people are in art , that one man consciously , by means of certain external signs , hands on to others feelings he has lived through , and that other people are in art , that one man consciously , by means of certain external signs , hands on to others feelings he has lived through , and that other people are in art , that one man consciously , by means of certain external signs , hands on to others feelings he has lived through , and that other people are in art , that one man consciously , by means of certain external signs , hands on to others feelings he has lived through , and"
59,1,1,1,The Arctic Antarctic Circle is a region of Antarctica in the southern hemisphere .
60,1,1,1,"Safety glass was invented in 1894 when John Harvey Kellogg unintentionally left a batch of wheat-berry dough out over night . The next day , he decided to figure safety glass"
61,4,3,4,"Human-Environment Interaction Tradition , or Human-Environment Interaction Tradition , is a philosophy of geography ."
62,4,1,4,"In a STV countback , the voter can vote for a multiple-member subset of the running candidates ."
63,4,3,4,"Religious pluralism refers to a variety of religions, including Christianity, Judaism, Islam, Judaism, and Judaism."
64,4,4,4,"The Explosives Act prohibits the sale and possession of explosives precursors , namely , ammonium nitrate in solid form and with a nitrogen concentration >=28 % , hydrogen peroxide >=30 % conc. , nitromethane , potassium chlorate , potassium perchlorate , solid sodium chlorate , nitric acid >= 75 % conc. , potassium nitrate , mixtures of potassium nitrate and sodium nitrate , and solid sodium nitrate . In late 2008 , Lewis Casey , an 18-year-old college student from Saskatchewan , was arrested for owning a small chemistry lab in his family 's garage ."
65,4,3,4,"Non-industrial or non-Western societies , sociologists focus on industrialized societies in the Western world , or non-industrial societies in the Western world ."
66,1,1,1,"The Alaknanda Galaxy ( designated as UNCOVER DR3 ID 42812 ) is a spiral galaxy about 12 billion light years away , in the constellation Sculptor . It was discovered by two Indian astronomers Rashi Jain and Yogesh Wadadekar while studying the JWST images of the galaxy taken through 21 different filters of the JWST 's astronomical telescope . While studying the images , they spotted a galaxy remarkably similar to Milky Way galaxy . It has been estimated that the half of the appeared stars in the Alaknanda Galaxy were formed in only 200 million years . It has been estimated that the half of the appeared stars in the Alaknanda Galaxy were formed in only 200 million years ."
67,,,,(A).
68,4,5,4,"Environmental stress can lead children to believe that resources are limited . This is possible because in ancestral times the survival rate of children with mother being absent was extremely low . A study shows that there are fewer monitored meals in the father-absent household . Having meals in the family is arguably more beneficial to children than eating alone ( i.e . solitary eating ) , as the former lowers the chance of obesity . Moreover , proximity to a mother 's relatives ( matrilateral kin ) can dramatically improve female children 's height for age , an indicator of good nutrition . Women who return to their village of birth following marital dissolution are seen to benefit from extra matrilateral kin support ."
69,3,1,4,Molecular engineering is the study of the structure and function of molecules. Molecular engineering is the study of the structure and function of molecules.
70,4,4,4,Any astronomical object that emits strong radio waves into space is a radio source .
71,4,4,4,American gangster films were a major influence on Pinter 's work .
72,4,,,"Iron is an alloy of iron and carbon , but the term alloy steel usually only refers to steels that contain other elements—like vanadium , molybdenum , or cobalt—in amounts sufficient to alter the properties of the base steel . Because pig iron could be melted , people began to develop processes to reduce carbon in liquid pig iron to create steel . Because pig iron could be melted , people began to develop processes to reduce carbon in liquid pig iron to create steel . Because pig iron could be melted , people began to develop processes to reduce carbon in liquid pig iron to create steel . Because pig iron could be melted , people began to develop processes to reduce carbon in liquid pig iron to create steel . Because pig iron could be melted , people began to develop processes to reduce carbon in liquid pig iron to create steel . Because pig iron could be melted , people began to develop processes to reduce carbon in liquid pig iron to create steel . Because pig iron could be melted , people began to develop processes to reduce carbon in liquid pig iron to create steel . Because"
73,4,4,4,Written communication ( writing ) – representation of language in a textual medium through the use of the use of the use of the use of the use of the use of the use of the use of the use of the use of the use of the use of the use of the use of the use of the use of the use of the use of the use of the use of the use of the use of the use of the use of the use of the use of the use of the use of the use of the use of the use of the use of the use of the use of the use of the use of the use of the use of the use of the use of the use of the use of the use of the use of the use of the use of the use of the use of the use of the use of the use of the use of the use of the use of the use of the use of the use of the use of the use of the use of the use of the use of the use of the use of the use of the use of the use of the use of the use of the use of the use of the use of the use of the use of the use of the use of the use of the use of the use of the
74,3,5,4,Literature and the Environment or ecocriticism is the study of literature and the environment or literature and the environment or literature and the environment or literature and the environment or literature and the environment or literature and the environment or literature and the environment or literature and the environment or literature and the environment or literature and the environment or literature and the environment or literature and the environment or literature and the environment or literature and the environment or literature and the environment or literature and the environment or literature and the environment or literature and the environment or literature and the environment or literature and the environment or literature and the environment or literature and the environment or literature and the environment or literature and the environment or literature and the environment or literature and the environment or literature and the environment or literature and the environment or literature and the environment or literature and the environment or literature and the environment or literature and the environment or literature and the environment or literature and the environment or literature and the environment or literature and the environment or literature and the environment or literature and the environment or literature and the environment or literature and the environment or literature and the environment or literature and the environment or literature and the environment or literature and the environment or literature and the environment or literature and the environment or literature and the environment or literature and the environment or literature and the
75,,4,4,planetary nebula or planetary nebula is a planetary system.
76,4,5,4,Anthony Giddens ' introduction to Central Problems in Social Theory is a sociological theory that rejects 'humanist ' assumptions in the construction of social theory .
77,3,5,4,Literature and the Environment or ecocriticism is the study of literature and the environment or literature and the environment or literature and the environment or literature and the environment or literature and the environment or literature and the environment or literature and the environment or literature and the environment or literature and the environment or literature and the environment or literature and the environment or literature and the environment or literature and the environment or literature and the environment or literature and the environment or literature and the environment or literature and the environment or literature and the environment or literature and the environment or literature and the environment or literature and the environment or literature and the environment or literature and the environment or literature and the environment or literature and the environment or literature and the environment or literature and the environment or literature and the environment or literature and the environment or literature and the environment or literature and the environment or literature and the environment or literature and the environment or literature and the environment or literature and the environment or literature and the environment or literature and the environment or literature and the environment or literature and the environment or literature and the environment or literature and the environment or literature and the environment or literature and the environment or literature and the environment or literature and the environment or literature and the environment or literature and the environment or literature and the environment or literature and the
78,4,4,4,"Poetics is the study or theory of device , structure , form , type , and effect with regards to poetry , though usage of the term can also refer to literature broadly . Poetics is distinguished from hermeneutics by its focus on the synthesis of non-semantic elements in a text rather than its semantic interpretation ."
79,4,1,4,The political heuristic is a type of heuristic that is associated with the idea-elements that are central to an individual 's belief system.
80,3,5,4,Literature and the Environment or ecocriticism is the study of literature and the environment or literature and the environment or literature and the environment or literature and the environment or literature and the environment or literature and the environment or literature and the environment or literature and the environment or literature and the environment or literature and the environment or literature and the environment or literature and the environment or literature and the environment or literature and the environment or literature and the environment or literature and the environment or literature and the environment or literature and the environment or literature and the environment or literature and the environment or literature and the environment or literature and the environment or literature and the environment or literature and the environment or literature and the environment or literature and the environment or literature and the environment or literature and the environment or literature and the environment or literature and the environment or literature and the environment or literature and the environment or literature and the environment or literature and the environment or literature and the environment or literature and the environment or literature and the environment or literature and the environment or literature and the environment or literature and the environment or literature and the environment or literature and the environment or literature and the environment or literature and the environment or literature and the environment or literature and the environment or literature and the environment or literature and the environment or literature and the
81,5,5,4,The most common and oldest alloying process is by heating the base metal beyond its melting point.
82,4,4,4,Personality is a characteristic of a person 's personality .
83,4,1,4,"For some elements , allotropes have different molecular formulae or different crystalline structures , as well as a difference in physical phase ( the state of matter , i.e. plasmas , gases , liquids , or solids ) . For some elements , two allotropes of oxygen ( dioxygen , O2 , and ozone , O3) can both exist in the solid , liquid and gaseous states . Other elements do not"
84,1,5,4,"It is a Latin noun commonly referring either to an unstructured community in which people are equal , or to the very spirit of community ."
85,1,1,4,Pastiche is the cultivation of intimacy to be an essential element of many jokes .
86,1,1,1,The Draper telescope was the first to capture astronomical objects using dry plate photography to capture astronomical objects in 1876 .
87,4,3,4,"Social anthropology is the branch of anthropology that studies how contemporary living human beings behave in social groups , whereas sociologists focused on industrialized societies in the Western world ."
88,5,5,4,CTC clusters are a large-scale structure consisting of hundreds or thousands of galaxies bound together by gravity .
89,4,3,4,STV is a type of first-past-the-post voting system .
90,1,1,4,Gray wolves are endemic to the islands of Hawaii.
91,4,4,4,"The key issues are quality , rarity , condition , provenance and authenticity ."
92,4,5,4,Hematology is a branch of medicine that deals with the blood and mucus .
93,4,4,4,"Intersex people are at an increased risk of suicide ; in a European study , 6.8 % of intersex people age 16 or older reporting having attempted suicide compared to 1.8 % of the general population sampled . Intersex people are at an increased risk of stigma and discrimination ; in a European study , 6.8 % of intersex people age 16 or older reporting having attempted suicide compared to 1.8 % of the general population sampled . Intersex people are at an increased risk of stigma and discrimination ; in a European study , 6.8 % of intersex people age 16 or older reporting having attempted suicide compared to 1.8 % of the general population sampled . Intersex people are at an increased risk of stigma and discrimination ; in a European study , 6.8 % of intersex people age 16 or older reporting having attempted suicide compared to 1.8 % of the general population sampled . Intersex people are at an increased risk of stigma and discrimination ; in a European study , 6.8 % of intersex people age 16 or older reporting having attempted"
94,5,5,4,A scoping review on clinical orthopedic manifestations of congenital muscular dystrophy subtypes reported that the most common subtype was MDC1A accounting for 37 % of the total study sample .
95,4,5,4,The narrator is describing communitas .
96,4,4,4,"Technology of technology is an interdisciplinary subfield of ethics that analyzes technology 's ethical implications and explores ways to mitigate potential negative impacts of new technologies . There is a broad range of ethical issues revolving around technology , from specific areas of focus affecting professionals working with technology to broader social , ethical , and legal issues concerning the role of technology in society and everyday life ."
97,3,3,4,The narrator is describing a religion.
98,5,5,4,"Hinduism is the oldest major religion , explaining a relative lack of antipathy towards specifiable religious traditions – and so the Hindu religion has no theological difficulties in accepting degrees of truth in other religions ."
99,4,4,4,A strategy that could be a strategy that could be a strategy that could be a strategy that could be a strategy that could be a strategy that could be a strategy that could be a strategy that could be a strategy that could be a strategy that could be a strategy that could be a strategy that could be a strategy that could be a strategy that could be a strategy that could be a strategy that could be a strategy that could be a strategy that could be a strategy that could be a strategy that could be a strategy that could be a strategy that could be a strategy that could be a strategy that could be a strategy that could be a strategy that could be a strategy that could be a strategy that could be a strategy that could be a strategy that could be a strategy that could be a strategy that could be a strategy that could be a strategy that could be a strategy that could be a strategy that could be a strategy that could be a strategy that could be a strategy that could be a strategy that could be a strategy that could be a strategy that could be a strategy that could
